x1,x2,y
2.948286715,-0.021678777,0
-0.535186242,0.004075198,1
-1.773160578,1.033747264,1
0.170942947,-1.337416607,1
-1.37637807,0.364971787,1
1.438918698,1.095857784,0
2.399825137,0.088845308,0
1.13502264,0.141181315,0
2.63597998,0.865027376,0
-1.398449752,-0.078330525,1
-1.610756114,-1.710521959,1
-0.27537795,-0.540472869,1
2.152264887,0.799405753,0
-0.65842908,-0.452014327,1
2.10573308,0.470768863,0
1.478193314,0.654278417,1
3.313875828,0.984507013,0
-1.445526483,0.137660111,1
-0.163188758,0.456906121,1
-2.109320683,-0.484703997,1
-0.886672617,-0.056715082,1
3.410536732,-0.896328985,0
2.115516571,0.725972984,0
2.585828533,1.508032044,0
1.134015669,1.912120648,0
-1.514349538,-1.164419048,1
1.595562432,0.659826036,0
3.067435407,1.001988447,0
-1.322002905,1.184951339,1
0.180412784,0.728023101,0
0.997267318,1.500033071,0
-0.961784079,-0.044042327,1
-0.012590711,1.02208737,1
-1.105914291,-0.075435112,1
-0.777547805,1.280452349,1
-0.779858862,0.059477464,1
-1.232946683,-0.764862678,1
1.212895971,2.563620489,0
1.623019871,1.352734674,0
-1.716753564,-1.333758649,1
-2.419261931,-1.116294819,1
2.685235177,-1.216248231,0
1.635863888,1.871171232,0
3.539374726,1.069322149,0
3.299290264,0.916432675,0
1.841825528,1.920502675,0
-1.7983301,0.601940736,1
-0.064754629,0.142058349,1
1.135863959,-0.564185914,0
-1.261535911,0.724630661,1
0.89945921,1.100887048,0
2.377176805,1.285329301,0
3.889776656,1.465809313,0
-1.168170011,-0.850458796,1
2.613936108,1.623918168,0
3.837085396,-0.269085971,0
-0.96463983,-0.18822802,1
1.741684433,0.688034591,0
-1.145321513,-1.118503878,1
2.077601082,0.408022516,0
-1.010861689,-1.16781481,1
3.528818524,0.694656153,0
0.92971936,-0.357967578,0
-1.158318451,-1.278140164,1
2.873878247,1.433765338,0
3.299167477,1.699043624,0
-2.59453602,-0.487540789,1
0.8603676,-2.022973044,1
-0.766378813,0.452319876,1
-2.356901148,0.806484779,1
1.520468053,0.768610125,0
-3.295872045,-0.409500695,1
1.532705288,0.310927173,0
-1.444458333,0.583473924,1
1.885687702,0.92850401,0
0.853491034,1.221395857,0
-0.442693452,0.710502135,1
-1.10625676,-0.397027934,1
2.225615982,-0.272808475,0
-0.120852585,-0.771545948,1
2.220189583,-0.398050867,0
-1.451820945,1.077632919,1
-2.407795987,0.101239273,1
2.609543982,2.816358053,0
-0.977370882,0.481319536,1
-0.439553529,-1.4701382,1
1.526261203,1.102413774,0
2.472280891,-0.30119145,0
2.873767618,1.798063258,0
-1.823088286,1.814310646,1
-0.478085207,0.096601555,1
1.898004958,0.44034347,0
-0.719717738,-0.188369361,1
1.235048046,0.747586185,0
1.643827199,-0.810504151,0
-0.862563007,-0.058067213,1
2.678734878,1.168888561,0
2.449176169,0.798905057,0
0.896002691,0.508659667,0
-0.530293524,1.100325134,1
1.930450982,3.188339203,0
0.25703791,1.247507692,1
-1.883810201,1.850289575,1
-0.360097456,-1.522025709,1
2.92587864,1.780784347,0
2.12885266,1.519382596,0
-1.637931211,-0.035859897,1
0.853644924,0.440185069,1
0.86492426,1.837206864,0
1.668107442,2.821793875,0
2.848773158,1.060783402,0
0.176278535,0.048546681,1
-1.199357636,-0.537157,1
-0.940889203,0.790780336,1
2.201663264,1.710174312,0
0.339739893,-0.878644461,0
-0.208540427,0.883578238,1
1.251976601,1.159247252,0
-0.947145629,-0.711559686,1
3.55115885,1.058636187,0
2.785212849,1.415495156,0
1.254051148,-0.584404044,0
0.6255908,0.267717932,1
2.69414414,1.464929649,0
1.907204542,0.368577358,0
2.700264805,1.479538322,0
-0.456271399,-0.433907784,1
1.367731182,0.121064709,0
-0.643789185,-0.461592908,1
-2.039092709,0.112283867,1
0.674236322,-0.892387365,1
-0.821912005,0.437803593,1
-0.114193509,-0.623832276,1
3.77012312,0.567014264,0
-0.381591376,0.96957866,1
-2.831202245,-0.356535192,1
-1.097305892,0.361115399,1
-2.199697263,0.476327745,1
2.346444947,2.229033535,0
1.399123151,0.764034573,0
1.4099293,2.931589772,0
1.842720331,-0.635399818,0
0.866149736,0.408444737,1
2.300845608,1.333276631,0
1.401936104,1.683747941,0
-2.340722024,0.052582626,1
-1.716639054,1.313464707,1
3.754946964,-0.481575661,0
2.995060014,1.876783742,0
-1.829206385,0.232579025,1
-2.134448688,1.85851671,1
-0.556477117,-1.274016151,1
3.033279995,0.888295867,0
1.047250694,0.769738801,1
-0.471968667,-0.485857258,1
0.04343127,1.38927289,0
2.27488378,0.840790004,0
1.624185643,0.06310488,0
1.236754656,-0.528572696,0
2.257943091,2.636953116,0
0.287526841,0.176664803,0
-1.665438665,-0.118415338,1
-0.552767142,0.305169895,1
-1.302171813,-0.053693242,1
2.054167294,1.457608152,0
0.185258836,-1.826345738,1
0.92921276,0.398359276,0
-2.682263608,-0.154626023,1
-0.76860093,-0.520802078,1
0.850209263,1.240217443,0
0.668619514,0.147198727,0
-1.722975263,0.619816532,1
1.045239934,-0.836509649,1
2.214590341,1.731433598,0
3.389904616,0.939415966,0
1.613824836,1.676217583,0
-0.307075629,-0.549978771,1
-0.94228948,-0.387196063,1
-0.190603867,-2.455357404,1
-1.361631522,1.325812107,1
-0.009743544,1.010658194,1
-1.458924237,-0.973113017,1
1.2153459,0.22203162,0
2.849932771,1.203860895,0
0.8633247,0.101677741,0
-0.483377214,-0.32047228,1
0.356116969,0.125351858,1
1.552296021,0.535830303,0
-1.256107322,-0.199292142,1
-1.049473589,-0.202980181,1
-0.543791546,-1.507874528,1
-1.417028402,-0.285122786,1
-1.174943199,-1.648928223,1
-0.610361191,1.024135354,1
2.686044857,0.341005945,0
4.616374184,2.459794964,0
-1.493032279,-0.477560288,1
1.923161922,-1.161650257,0
2.19363673,0.864195611,0
2.709870232,1.034855219,0
2.876829365,0.731519804,0
2.341953485,0.861258106,0
1.346497909,1.398382167,0
2.925809134,1.533981045,0
3.663901376,-0.81626268,0
-1.802980732,-0.82310568,1
-1.61591358,0.031981828,1
-1.28637239,1.450433364,1
-0.654980569,-0.676353103,1
-1.047611046,0.123000032,1
2.339370026,2.542755034,0
1.222034216,0.51080873,0
2.64E-05,-1.211183814,1
2.212815844,0.248051081,0
4.110083903,0.948726976,0
-0.371655876,-0.719022432,1
1.6317523,0.164770296,0
2.295933215,2.106487162,0
-1.94413361,0.991633736,1
-0.811025758,-1.530439024,1
0.703670474,1.365150864,0
2.658006799,0.615883799,0
2.180764192,-0.101734395,0
0.319712872,-0.04744429,1
3.611324509,0.292874812,0
-0.330678106,0.204622901,1
0.829667487,0.619830923,0
0.46181613,0.544556942,0
0.938316615,2.913546789,0
0.129992979,1.547734054,0
1.729629345,-0.178281337,0
-2.299493372,-1.137043316,1
1.228301825,1.48988668,0
2.446954599,0.037849677,0
-1.36935819,-0.029408239,1
-0.702664299,0.423479898,1
-0.035797775,-1.218982487,1
-1.209086147,1.001810448,1
2.247244915,2.710240881,0
0.65166501,-0.040300088,1
1.21239443,0.009515918,0
2.290616038,0.037648962,0
-0.25447207,-0.131190998,1
1.787721228,0.24049314,0
1.957501418,0.651226308,0
-0.175942465,0.138666135,1
-1.513193389,-0.558057026,1
1.502957503,-0.558927699,0
-0.185581018,-1.611984164,1
2.214508302,0.292793152,0
0.871803155,0.756264211,0
0.606157212,2.684882381,0
-0.112727619,-1.183363403,0
0.842259857,0.072071233,0
3.518384079,0.945035569,0
0.257154948,0.061185076,1
-2.373844337,1.288397221,1
2.362762966,0.653138398,0
0.217561197,0.705587465,0
-1.696869192,0.487479204,1
1.076133071,0.774552542,0
1.392727215,1.501818692,0
0.643720633,1.983622289,0
0.312861491,0.677777335,1
-1.027805621,1.110055022,1
1.014011192,0.436508138,0
-0.003748681,-1.7151033,1
4.946872011,-0.178418372,0
-1.132390035,0.270773324,1
-0.543261159,0.77837484,1
2.618499983,2.373211368,0
0.464913597,0.720114426,0
-0.505343675,-0.439609627,1
-0.834373315,0.37017336,1
-0.030691276,-0.325218177,1
2.580474841,0.193606532,0
-1.37329257,0.795076233,1
-1.090653027,2.265551701,1
2.221462252,1.377841945,0
-0.393738627,0.303069127,1
-1.448880039,-0.108246703,1
1.081516036,1.347252736,0
0.88575915,-0.222371505,0
0.038280155,-0.892512345,1
2.228589932,0.425012602,0
2.834601456,2.441886147,0
2.721635958,2.068777169,0
2.200030124,2.100929854,0
2.52842848,0.661019626,0
2.099938617,1.698111111,0
-1.85288601,-0.010274211,1
-1.588402015,0.467020904,1
-0.681881963,0.28810916,1
-0.872978959,0.558872976,1
2.698820222,2.051956941,0
-1.267295907,-2.903894919,1
0.323085844,-0.306601587,0
-0.971816147,-0.801596108,1
-1.054987566,-0.366951436,1
1.472387781,1.113886936,0
0.21929096,1.632752112,1
2.990800605,1.606134228,0
1.396234738,-0.507588812,0
-0.39781585,-0.465465947,1
1.642161827,2.071664203,0
-0.602193429,-0.085691672,1
-0.328470245,-0.12597599,1
-0.326279719,1.553134606,1
-1.198708257,0.357456976,1
-1.206852585,0.768775885,1
2.585766791,1.426217079,0
1.048008676,-2.759399289,1
-1.854988817,0.756645165,1
0.154737771,0.778669927,1
0.738263491,-0.179399235,1
1.948080361,2.85138898,0
-0.956862357,-0.576595638,1
1.244324288,0.805520065,0
1.8455607,1.682283628,0
1.038524253,1.89601731,0
1.105249907,0.620503657,0
-1.574630116,-2.280904026,1
2.252019377,0.712829935,0
-1.18192672,-1.232180615,1
-3.463093587,-0.395297152,1
-0.994210258,-1.692862521,1
2.181942316,1.839970276,0
3.367395136,0.585689179,0
2.613071862,0.567890457,0
-1.024908459,-0.152290437,1
-0.045797429,0.111495983,1
2.489228785,1.147665982,0
-1.088099999,0.528768123,1
1.890826032,1.235507691,0
0.559525781,-0.317303369,1
0.864609438,1.168018134,0
2.10489325,0.553514425,0
-2.460032445,0.258245878,1
0.809271466,2.868521504,0
1.262508937,1.470078248,0
-3.127411752,-1.30494016,1
0.451507709,1.607922099,0
-0.12745632,1.289395689,1
-0.881888469,-0.122122832,1
0.432411636,-2.009719705,1
-0.065336085,-0.025004847,1
-1.448579631,-0.993443601,1
-2.943521296,-0.807487107,1
1.932105512,2.39069935,0
1.162177341,1.829447803,0
1.285271526,-0.58334797,0
1.472174981,-0.383111001,0
-0.972621977,0.928432457,1
2.34356343,0.264202243,0
1.543998486,0.89708674,0
-1.78424442,0.281696567,1
-2.012661768,-0.336628514,1
-1.108801767,-0.171979028,1
-1.05351218,-0.352794424,1
-1.381594902,0.873015562,1
-0.33222157,0.795794465,1
2.922017301,0.230472421,0
1.486331566,0.58848063,0
1.602949862,1.248089379,0
1.611975093,1.266429757,0
1.134398018,1.522449093,0
1.413596561,0.193072139,0
1.470374597,1.223772435,0
-1.070209899,0.310534105,1
-0.450248193,0.313262719,1
2.819260371,0.996212351,0
3.221986939,1.729595143,0
1.446214137,0.212280338,0
-0.378630743,-0.218165523,1
1.608141639,0.156488116,0
2.759902226,1.619482981,0
-0.975803669,-0.921771999,1
3.491256809,2.300165607,0
-0.889882475,-0.806526357,1
0.443133826,0.431140076,1
-0.888737375,0.37221077,1
1.817392715,1.560930611,0
-1.163598667,-0.510137127,1
-1.432239986,-0.147420855,1
2.999845807,1.565671731,0
1.528887783,-1.780972909,0
2.729509648,0.028228109,0
3.250633581,2.127985665,0
1.312366965,1.087872603,0
2.312176099,0.566062841,0
0.936261128,0.263566385,0
-0.71387553,-2.095874946,1
-1.201145741,0.310129021,1
1.978237662,2.172845347,0
-1.333538994,0.166331752,1
-0.739894956,-0.75336598,1
1.57980256,0.132840179,0
1.960498056,0.495089054,0
-1.04897543,-0.216804601,1
3.022431346,2.404081168,0
-1.572959095,-0.224241199,1
4.00106936,2.789512859,0
0.778342678,2.10077169,0
0.830008402,0.680824846,0
-0.021134376,0.705047515,0
-1.396485731,-0.691213213,1
2.550678777,1.310144861,0
2.116925649,1.843827321,0
0.216265113,2.67177345,0
4.088631309,1.762080414,0
-2.32309346,0.667074061,1
-0.011205288,1.073267069,1
2.001789033,1.49009114,0
-1.143968293,-1.26231683,1
0.022732914,-0.266725127,1
1.818642343,-0.01426782,0
2.08880857,2.375445918,0
-1.071435927,-0.089272097,1
1.994144524,-1.167607001,0
0.76089714,0.581086934,0
-0.49795429,-1.035441709,1
-0.700989421,-0.692278918,1
3.52724137,0.189598707,0
-2.846112178,0.545110615,1
3.385375682,-0.006915419,0
2.099110445,0.345111223,0
3.459031761,1.294439242,0
-1.515499767,-1.438421164,1
1.996042898,0.996539722,0
2.664946668,1.790420203,0
2.17989519,1.254462758,0
3.64744235,1.014018551,0
1.105241396,1.5095698,0
1.61310399,1.252565815,0
-3.14218289,-0.225413305,1
2.147194064,1.248025879,0
0.153495894,0.218464155,1
-1.470019907,-1.491179836,1
3.408641072,1.324753848,0
-0.282903265,1.279927596,1
2.52641304,0.478294704,0
2.48873492,0.894193718,0
-1.610712622,0.138501917,1
-0.194125286,-0.96921602,1
-0.537082939,-0.091655162,1
0.107787989,-0.660237689,1
-0.953945337,-0.822039244,1
0.135991614,-0.22522115,1
1.031186968,1.965074325,0
1.541181956,1.192052472,0
1.518783174,2.08927615,0
1.077493027,1.019450584,0
0.215130274,0.259344157,1
-1.883005022,-0.579351125,1
2.13510001,0.839942498,0
0.9600306,1.634761374,1
1.935435854,2.105486008,0
-0.380405648,-0.235929625,1
-0.800864093,-0.330975274,1
1.967326836,2.490609042,0
-0.988079617,-0.215331211,1
-2.133727036,0.204277814,1
2.765173955,2.065256796,0
-0.741156593,2.415875594,1
1.39309892,0.600316243,0
-0.715621844,-0.122866609,1
1.930485597,2.063343177,0
2.541563832,1.526703958,0
0.76387698,-0.670071797,0
0.817423203,0.74430229,0
-2.605672139,1.628651607,1
-1.685358878,0.853537418,1
-0.093304485,-1.037972002,1
2.191523759,1.898446141,0
0.155591614,-0.408556871,0
-1.271952306,0.788954288,1
1.397262836,-0.305472443,0
-0.490622395,-0.601346481,1
-2.296978792,0.889838293,1
-1.642296079,-0.030919543,1
0.558059067,3.014197512,0
-0.965061528,-0.255370003,1
0.073700182,0.270719547,0
3.048189776,2.205326073,0
1.529682106,0.917183887,0
2.459564646,-0.655268459,0
-1.542172577,0.492647392,1
3.100779537,0.320059485,0
-1.629219122,0.656382935,1
2.576101091,2.469355524,0
-0.577489281,-0.698872291,1
-0.487223784,-0.097277559,1
2.529397312,1.612968155,0
-1.423685428,-0.480271186,1
2.588217237,-0.369704947,0
-3.039709545,-0.321485787,1
2.626474747,-0.020615238,0
3.338492507,1.055189589,0
0.209765694,0.587967939,1
0.493885248,1.282085514,0
-1.482397662,-1.331275798,1
-1.687956461,1.150861209,1
0.018763865,0.901521304,1
1.994173595,0.580985807,0
-2.04345604,1.629028561,1
2.532585523,1.301922631,0
0.158261346,0.631577162,1
0.82925211,1.961752656,0
1.430440932,0.757501082,0
-2.036587652,-0.597362804,1
-1.753605872,-1.011778798,1
-1.870996697,-0.898026349,1
3.816001088,0.996860399,0
-0.605676565,-2.695937152,1
1.627874507,1.332012691,0
-0.479772451,-2.287804743,1
-1.66392528,-1.262061067,1
1.509914073,0.409032914,0
-0.665142057,-0.588751035,1
1.481563033,1.116695288,0
-1.058984326,0.069386668,1
1.72306573,1.706366305,0
2.917722787,1.52415495,0
-0.194343621,-0.379363123,1
-0.775627272,0.115385574,1
-0.212567496,1.069599264,0
2.292079271,1.549536902,0
1.774347013,1.106557875,0
0.302037595,1.3883737,0
3.033283824,1.536362612,0
-2.211213416,-0.720206257,1
-0.609706767,1.733729886,1
2.728724542,1.178496821,0
-1.412037259,0.170422746,1
3.041926951,1.755327861,0
3.224662455,0.360190384,0
2.178699667,1.124877893,0
1.56222026,1.517436069,0
-0.816125253,0.6182664,1
1.825740396,1.158232117,0
1.222637673,1.46019284,0
-0.440730791,0.096527579,1
0.600050866,-0.081895969,0
-1.022998656,-1.50934334,1
-2.247629124,-0.045081477,1
2.744688304,1.372156015,0
1.080606631,1.264723045,0
-0.738988794,-0.096380729,1
-1.451334418,0.74038795,1
-1.142589914,1.073530866,1
-2.751667355,-1.272928793,1
2.704359357,1.316552628,0
2.979260413,0.170700016,0
1.385212764,0.113176147,0
-1.660101952,-0.885995372,1
1.908245095,1.696184977,0
2.072216418,0.563407824,0
-0.073121161,0.050778402,1
-1.167855155,-1.462675182,1
-0.575867381,0.560377577,1
1.01207806,1.478804911,0
1.41861339,2.748532308,0
1.073512617,2.617178362,0
2.957994314,1.968568934,0
1.825305726,1.128954229,0
-1.260432918,-1.147825624,1
1.791284168,-0.334390797,0
-0.751557694,0.941863585,1
-1.29625548,0.201060548,1
-0.153062066,0.847657066,1
2.549271247,1.298432984,0
0.595509992,0.491295148,1
1.345722316,0.604478133,1
2.319917502,1.21395911,0
1.503892452,1.953716878,0
0.965513568,1.965495781,0
-1.643540159,-0.487592913,1
1.455985021,1.522465983,0
2.774767656,2.551302704,0
-1.432311835,0.099036852,1
0.09683985,-0.701076426,1
-2.528247548,0.383121402,1
-0.867928132,1.664651661,1
-1.468281282,-0.505809872,1
3.176082063,1.039794476,0
-0.438973569,-0.167054229,1
-1.365799421,-1.088347474,1
-2.045381592,0.423933037,1
2.019372114,2.677123133,0
-0.712776367,-0.463783216,1
-0.656645898,-0.077621121,1
2.618634059,0.433134578,0
-1.215561767,0.010988759,1
2.133127095,0.75066555,0
2.033490374,1.870513804,0
-1.476126573,0.625461376,1
0.801029029,3.023345527,0
-3.173810562,-1.558890444,1
1.747492107,1.63410512,0
3.620618757,1.505497438,0
-2.699828276,0.381097277,1
2.368166545,-0.36298892,0
-1.14165423,-0.380187029,1
-1.042336921,0.360505942,1
0.221750528,-0.962234533,0
0.601186847,0.426455031,1
-0.496271356,0.406357663,1
-0.872213539,0.441508126,1
-1.356089464,-0.019538482,1
2.781263479,-0.308768002,0
-1.119401116,-1.654345369,1
2.92655233,1.912409626,0
-0.53180235,-0.073182897,1
0.963460967,1.809025892,0
-0.622772453,-1.663869751,1
-1.974579923,-0.705870097,1
2.863689111,0.920154887,0
-0.612983152,1.612861986,0
-0.207002752,0.182301356,1
0.048416706,0.641782591,1
3.276964383,1.616909329,0
-1.350016412,-0.524079875,1
2.771617309,0.619324026,0
3.235560092,2.012262497,0
-1.258143069,0.403033764,1
-0.836447096,-0.776118713,1
1.399420368,1.240832522,0
2.421055793,-0.658781684,0
0.998211719,1.987214721,0
0.004123027,-0.404530012,1
-1.026064349,0.464336141,1
2.229231154,1.148966223,0
2.432327391,0.953375945,0
1.117967287,0.2199113,0
2.49061226,1.960206965,0
1.714522133,1.706148272,0
0.562654766,2.278104717,0
-0.501697686,1.854221841,1
0.509376814,0.022432199,0
2.700605957,1.688496651,0
0.53220111,-0.195773296,0
0.011540293,1.149165514,0
-1.180287169,-0.349577596,1
0.75229785,0.524201325,1
-1.271080954,0.301962415,1
1.750039168,-0.528888051,0
1.951420078,0.757647274,0
-0.580791025,0.254138169,1
0.802287181,1.712898328,0
1.234436864,2.243463389,0
-1.023791686,0.256251441,1
0.929955261,-0.419729158,1
-2.527781807,0.794377303,1
1.966012215,0.75338714,0
-1.332863489,-0.209557008,1
-1.508584866,-0.885538059,1
0.436510703,-0.576756704,1
-0.121874373,-0.845539874,1
-0.993643714,0.441337366,1
0.718551688,2.30158751,0
0.354041562,0.353607223,0
-0.819154082,-0.984820929,1
2.542437058,0.883247345,0
1.752059264,0.455934119,0
-0.764605839,-0.870833779,1
-0.711234725,-0.874593276,1
3.876437716,1.05208947,0
-2.262186887,-0.30731194,1
0.946220461,1.18983889,0
2.779370573,0.519759166,0
-1.265595296,-0.882836858,1
-1.14796542,-0.12233921,1
-0.79519691,0.660020374,1
-1.312812961,1.423707042,1
0.772959221,1.497570816,1
2.266001936,0.351733135,0
1.804434819,1.433060081,0
2.010641832,0.275011229,0
-0.722446155,0.598701487,1
4.007705353,0.667206921,0
0.349146761,0.511630589,1
-1.086851066,-0.794664496,1
-1.561672621,0.001500643,1
2.169942001,0.818484706,0
-0.463976152,-0.14364046,1
3.215597532,2.229118922,0
1.460834613,0.965057902,0
2.932006526,2.091749706,0
0.294759442,-0.767135047,1
2.051199393,1.41536038,0
-1.669021717,-1.371263212,1
-1.448252539,-0.665967963,1
2.357047186,0.424585357,0
-0.052985135,0.278023378,1
-1.040231256,0.27196089,1
-0.936526519,0.556574934,1
-0.587439651,0.158694299,1
1.317774174,2.265745208,0
0.191085049,-0.095443342,1
-1.584912915,-0.103804278,1
1.696814994,2.166204214,0
3.535430518,1.085415031,0
-2.423183656,0.228938129,1
-1.217210994,-0.451889204,1
0.288218511,-0.248477361,1
2.493887084,0.526567724,0
-0.085930516,0.2948271,1
1.846632505,0.170538841,0
0.635118218,1.026247126,1
-1.978792501,-0.46725965,1
2.144545108,0.291468139,0
-1.299038191,1.195397238,1
1.808627254,-0.039720617,0
1.281710521,-0.067258507,0
0.084685133,1.250473257,1
2.200888721,-0.677523917,0
-1.286894572,-0.168491135,1
0.025706937,2.177014265,1
-0.62141579,-0.617252596,1
1.376120316,0.677213102,0
1.429530185,1.255807642,0
1.816742472,1.670907505,0
0.495976535,1.517639783,0
2.908972655,0.062619616,0
1.240653181,1.827558409,0
2.484497758,0.056591736,0
0.685679255,-0.515323719,1
2.192001342,0.840063985,0
2.053254685,1.17590052,0
-0.873203814,-0.544110795,1
1.133274519,-0.312368891,0
1.945795203,0.029552713,0
0.366796618,-0.318012581,1
2.705170154,-0.651140955,0
-0.673153037,1.060336111,1
-0.587356333,0.816320144,1
2.408602846,0.649065827,0
-0.761694855,-0.570435855,1
-1.012448266,-0.789082307,1
1.174773957,1.023630491,0
3.47885715,0.874233214,0
-0.817441903,0.688138308,1
2.307908088,1.410361875,0
-1.356675333,-0.505452667,1
-2.042042073,0.470216527,1
-1.562682109,-1.703904401,1
-1.078954543,1.354820213,1
-0.347128331,1.865660884,1
0.448490037,-0.022249841,1
-1.479252179,0.306561303,1
-0.606315783,0.180650736,1
1.801131487,1.175941184,0
-0.975010045,0.842172801,1
2.3468033,0.849480323,0
0.184480966,1.009491247,1
-1.65078558,1.773024556,1
-1.211124443,0.779261307,1
2.244503456,2.193332911,0
-0.91755375,-1.523924935,1
1.893274696,-0.008690059,0
-1.365245022,-1.277045876,1
2.259319885,2.794126173,0
-1.509620021,-0.200619603,1
2.372977922,1.702666233,0
-0.894535252,-0.134910251,1
2.414118714,0.374447576,0
2.58907332,2.3244138,0
-0.895093589,0.951109669,1
0.894370448,-0.470151715,0
-2.227021968,-1.13683421,1
-1.285848179,-1.190833744,1
-1.521622032,1.029459927,1
2.767762297,0.815028562,0
-0.590315991,0.081064828,1
-0.041768803,-1.91130135,1
-1.342317974,-0.967405205,1
-0.320488144,-1.339073938,1
-1.436182196,-0.055253374,1
0.787278966,0.119681605,0
2.085656246,1.804750865,0
2.264585404,1.364423218,0
2.205921253,-0.251554964,0
-0.859801118,-0.845276547,1
0.88253665,0.052852731,1
-1.125570087,1.544800337,1
-2.379118654,1.22086935,1
-2.588930947,1.430532069,1
-0.906069384,-0.061197238,1
-1.475462924,-1.557310842,1
2.070150475,1.818268842,0
0.82752859,0.457134939,0
2.327401952,0.425232124,0
2.904894857,0.802344668,0
0.959914983,-0.056564781,0
1.09071752,1.166549875,0
2.761518398,1.806450742,0
2.624955958,-0.101016044,0
1.447406931,-0.501553341,0
1.33775143,1.939511748,0
2.867738865,1.363427014,0
1.346654935,-0.188592096,0
1.574400134,1.558595128,0
-2.044755217,0.360077942,1
-0.220835009,-0.718245583,1
0.156205576,-1.017290683,1
0.779648628,0.441768076,0
-2.312159687,0.173525043,1
2.820315135,1.14940016,0
-0.854215902,-0.353168259,1
2.246782043,0.847609657,0
-2.011200108,-0.294544189,1
2.016087904,1.451902883,0
-1.102916567,-0.873160845,1
1.289184723,1.640524876,0
-1.268607884,-0.981117065,1
0.261498382,-0.656228126,1
1.379542583,0.377238591,0
1.780354936,1.906931322,0
2.472426687,0.543546245,0
4.175406955,2.638243312,0
0.712554909,3.686690147,0
2.205347717,1.828825625,0
0.452589074,0.520555972,0
2.130809498,1.853576962,0
0.496066916,2.177236742,1
1.247244887,-0.380653571,0
-1.423058387,-1.238036638,1
3.279135412,-0.507253001,0
1.693097145,1.765033915,0
-0.238201718,-0.859362886,1
0.997174851,-0.641904921,0
3.206978364,0.249052069,0
-0.86247229,0.308440879,1
1.728769718,2.021229825,0
-0.038567054,-0.625143092,1
-0.844500103,-1.348410658,1
1.633240466,1.308601095,0
-1.624130954,-2.014801283,1
3.293643301,0.5471032,0
-1.247177029,-0.947563851,1
-0.977286916,0.586627674,1
3.485014379,1.447567942,0
1.664144112,1.274680905,0
-2.264623733,0.826308579,1
2.190528328,1.081553193,0
-1.792219321,0.331756486,1
3.374218032,0.098955165,0
-2.21373835,-0.53432733,1
1.471249626,0.475541756,0
-2.631571117,-1.108611982,1
1.640123352,1.176431553,0
1.211615163,0.743013954,0
-0.487885144,-1.549993437,1
-0.379087714,-1.416393732,1
-0.720329211,-0.385589459,1
-0.713108969,-0.409061335,1
-1.226245725,0.541101466,1
2.859189581,0.816623611,0
-1.593569176,-0.437453038,1
-0.712306772,-1.400141469,1
-0.187242121,0.439799251,1
2.565299674,0.915738958,0
1.485265297,1.279881572,0
-2.315843838,-1.404142088,1
1.510344685,-0.400971224,1
1.847690709,0.82852701,0
-1.301107424,-0.199766728,1
0.207617335,0.702518223,0
-0.774241116,0.631789576,1
0.931404795,0.336259805,0
-0.005639396,-0.880113969,1
-0.228011144,-0.63033594,1
-1.099638844,-0.625107695,1
3.997538187,1.670817179,0
-1.824549595,-0.117941933,1
2.865284417,0.800931815,0
1.379700018,1.394383395,0
2.864756087,-0.047718719,0
-0.523414886,-0.886133337,1
-0.063053726,0.335091328,1
-1.22247432,-0.657022397,1
-1.403714035,-1.354314594,1
3.03602726,0.656438693,0
3.266250957,0.051061536,0
2.2874951,1.73918171,0
1.505527565,1.678578701,0
-0.660519488,-0.009901651,1
2.028749817,0.627120994,0
-1.495015374,0.492480684,1
2.251768877,1.427222391,0
2.57555435,0.344377277,0
-1.516087849,-0.70101402,1
1.438123252,0.771305092,0
0.314919067,1.001300153,0
1.709588161,0.528457348,0
1.231414108,3.530083953,0
1.683782732,0.827428393,0
-3.155231064,0.069746053,1
-1.090091239,-0.634388955,1
-0.605124657,1.156786923,1
3.422085914,0.806024152,0
-0.220592844,-0.724772701,1
1.446957147,-1.346461435,1
1.317305043,0.227529472,0
-0.167747515,-0.631829476,1
2.707221832,-0.292029178,0
1.891130444,0.845046759,0
2.269444222,0.711876098,0
1.405749395,-0.006000828,0
3.982361023,1.043757916,0
-1.424783269,0.607405705,1
0.918070035,1.070887984,0
-1.925554899,0.225251984,1
-0.63137187,0.767530037,1
-0.988579969,-1.923615452,1
-0.572162124,0.128171309,1
1.890277296,0.208692548,0
-0.972514393,-0.542281555,1
-2.147899387,-1.008056699,1
3.751278516,0.498576437,0
0.379542762,1.966417159,0
1.573823828,2.406154966,0
3.881037958,2.063091108,0
2.441017359,2.717033771,0
2.452569045,1.924631956,0
1.977024596,0.043861521,0
1.05222981,-0.056821963,0
0.494027036,0.7076728,0
2.02302458,0.102610387,0
1.86037318,0.458375918,0
1.315115473,1.594468907,0
-1.886110305,-1.609671565,1
0.813530414,0.368173763,0
-0.59142502,-0.545114921,1
0.685893684,0.377582419,1
3.219976054,2.043083422,0
-2.083325947,0.479049858,1
-1.98774032,0.302367228,1
3.243303412,1.678010835,0
-0.953619085,-0.367750758,1
1.968000102,0.430880338,0
-0.308124208,0.053470043,1
-2.206068922,0.731088957,1
-2.187402695,-9.42E-05,1
2.361493555,0.976299015,0
-1.157472701,-0.75502195,1
-1.427737177,0.653061557,1
1.266319009,0.697898611,1
-1.076967537,0.388765863,1
0.704125511,-0.193371278,0
-0.596639955,-1.424675481,1
-0.209217368,1.090015808,1
-1.024000726,1.031004183,1
1.21452869,1.539156064,0
-1.055325087,0.028387917,1
-1.491979715,1.075462987,1
1.988454624,0.823690156,0
3.908355218,1.790320164,0
-0.136553769,0.020892109,1
-1.759968501,-1.123344286,1
2.361613701,0.722010235,0
-1.298224996,-0.163027408,1
0.072934937,-0.730144751,1
-2.531661375,0.37201198,1
-0.252792114,1.446200847,1
2.604964975,-0.044076315,0
-1.614112025,0.936411204,1
-0.673142108,0.185725217,1
-1.184826565,-0.579700838,1
-2.547433091,1.436030125,1
0.753001217,-0.257524406,1
-2.172540478,-0.959551811,1
3.482215803,1.181059847,0
-0.388105168,-0.652096832,1
-0.854474522,0.992948162,1
2.245697829,0.785886196,0
2.49471012,1.021199313,0
1.774165972,2.402569035,0
-0.622829867,-0.216857882,1
1.395906758,1.399470161,0
2.393642293,1.982723162,0
-1.22289481,-0.590640573,1
3.690640028,0.471348369,0
-0.831830128,0.708949961,1
-0.825829977,0.26797069,1
-0.114039752,1.518435957,1
-1.382437466,-1.872692243,1
-0.855013663,1.039600618,1
0.964535736,1.011928087,0
0.6584071,-0.704611943,1
-0.281321489,-0.612004222,1
3.321708316,0.409333231,0
1.971414903,0.192164365,0
-2.23627474,0.209692339,1
1.338810779,1.893092325,0
0.032962244,-1.104231373,1
-1.943560578,0.201716947,1
-0.952408023,1.332683346,1
2.299844743,1.409238135,0
3.342521845,1.443557587,0
1.949012081,0.570810296,0
1.825163468,-0.631571566,0
2.395712392,2.928722538,0
-2.102591437,-1.028599002,1
-0.970247119,-0.10079244,1
1.1429253,-0.848558451,0
3.04988194,-0.79992926,0
1.761894071,0.723669921,0
-0.158188396,-0.024455622,1
-1.316937783,-0.041941517,1
-1.333975537,-0.713763905,1
-1.282590779,-0.991240369,1
-0.995762168,-0.604223678,1
1.937290862,1.919593762,0
0.591341085,1.331146314,0
3.261746181,1.409797481,0
-0.061570192,-0.067716004,1
1.851540523,-0.344222853,0
-2.532086495,2.192304156,1
0.112118649,-1.649690423,1
2.480015578,2.414057237,0
0.187979477,1.683912443,0
-0.154417093,-0.412480967,1
-2.452887092,-0.641169307,1
-2.265719061,0.233947553,1
2.940491817,2.069156865,0
1.958008214,0.660235433,0
-0.664998393,1.471432789,1
-0.611414886,1.854589693,1
-1.166119218,2.561855889,1
-1.626578189,-0.486837705,1
-0.804703577,-0.479763492,1
-1.004087116,-0.187657935,1
1.827398046,0.956587707,0
-1.42417642,-0.549063438,1
-1.010965349,-1.236534598,1
2.698957418,0.930105927,0
-0.340142972,0.30234194,1
-1.780915686,0.414293498,1
-2.884356328,-0.796617448,1
2.000678719,-0.139312983,0
1.665332258,1.430701689,0
2.714288475,1.171580405,0
-1.179074442,0.004473548,1
0.153752214,-1.273547874,1
-0.472191628,1.28018154,1
-1.749076536,-1.352213468,1
2.996833231,0.67718011,0
2.73388151,1.810597884,0
-1.875316834,-0.340245474,1
-1.148176645,-0.285723544,1
2.652132927,1.868586149,0
3.5272812,1.825232148,0
-1.557227695,-0.023009729,1
1.931410314,0.242654561,0
-0.693097733,1.92328242,1
2.330332383,1.099376027,0
-0.64533869,0.444723192,1
-0.378919654,0.374537719,1
3.265382231,1.682855465,0
3.825526419,1.310049855,0
0.979177772,0.656554512,0
3.282512284,2.227782623,0
-1.248568637,-1.036972987,1
-0.465428767,-1.504809444,1
-2.984128952,0.718166766,1
2.699032785,2.889177372,0
2.020643038,2.973717798,0
1.901086181,-0.019781503,0
-0.725564967,0.74558245,1
-2.167924525,0.233412287,1
1.91367056,1.183532355,0
1.479703272,0.324166461,0
-0.768326826,0.638102606,1
-0.6648204,0.084873667,0
2.637244394,1.266094664,0
-1.891809166,-0.550321439,1
3.198410085,-0.481681504,0
1.005570612,0.408237207,1
1.749039772,-1.206442664,0
2.142415408,1.039660751,0
-1.168730451,-1.782363961,1
0.965585349,1.249798763,0
2.00915776,0.674053568,0
-0.051262656,0.895845423,1
-1.295954586,-0.062643207,1
2.182443041,1.832682217,0
-1.62609669,-0.427036244,1
-1.014946374,-0.995960271,1
1.625949106,-1.155472717,0
2.013585312,2.239302003,0
-1.25765008,0.123740892,1
0.702624993,1.470477969,0
1.514417266,0.355189099,0
2.195898303,-1.157686898,0
1.774147821,-0.340364961,0
-1.56912072,0.004747683,1
-1.960836383,1.393704976,1
-1.101937219,-1.147236928,1
0.345886459,-2.402863818,1
1.708371502,-1.051591927,0
-0.708296688,0.130640502,1
-0.906985674,0.038512503,1
0.917673703,2.789297548,0
-0.429877591,-0.069721324,1
1.201464856,2.988164557,0
0.535489336,-0.383388044,0
2.113783633,0.458183445,0
0.708091612,0.039361043,1
1.262591125,2.305897186,0
-0.838528564,0.056614484,1
-0.950084119,-0.34129999,1
0.010108958,0.716068911,1
-0.76833594,-0.680245322,1
2.649234809,-0.68623045,0
1.627359297,0.492784097,0
1.069682466,1.323054511,0
2.647946158,1.007950498,0
-2.101777184,0.934698526,1
-0.765562502,-0.744470956,1
0.220319398,0.402995844,0
-1.205687432,2.127167325,1
2.391801673,-0.1343174,0
0.127587363,0.803295682,1
1.43139553,0.992887239,0
-2.11262367,1.460740104,1
0.111918849,0.696878947,1
0.830086712,-0.274460195,0
1.781969185,0.570418836,0
0.898721073,1.338686376,0
2.523299403,1.798414119,0
-2.424241009,1.59302719,1
2.132508873,1.179075553,0
3.192477844,1.469035389,0
1.689267835,1.860045507,0
2.536563353,2.049952321,0
1.358895159,0.285025597,0
0.309898488,-0.256853971,1
-1.541121702,-0.283827753,1
1.329854966,1.3543079,0
-1.960952572,0.233273484,1
-0.57056316,0.788479381,1
0.596121402,-0.809734505,1
-1.346351886,0.518210704,1
-1.425475204,0.802266862,1
-0.243592576,1.636731178,1
-0.688358257,-0.123675599,1
2.275862384,0.591285542,0
-1.003363704,-0.051498427,1
1.863462139,0.92414544,0
-1.141909518,-0.206090669,1
2.244766793,0.923796259,0
-0.489124251,1.489282188,0
1.844783686,1.93177348,0
-2.344962048,-0.911863312,1
2.053141401,0.773208396,0
2.426010382,0.05658228,0
0.217394079,-0.137146727,1
1.049886374,1.48953696,0
3.456265077,2.832965516,0
1.836737089,-0.080973817,0
-1.279767538,0.52852334,1
2.405414323,1.508351654,0
-1.333668218,0.153217269,1
-0.099797593,-0.669515838,1
0.144843822,-0.066065942,1
0.942412288,-0.120375901,0
-0.632579164,-0.33364847,1
2.322351869,0.740248941,0
1.057848336,0.044520163,0
-1.060091594,-0.108372163,1
0.020749428,-1.107724841,1
-1.439301119,0.88049208,1
-1.603913278,1.361817373,1
2.399785589,1.660297092,0
-1.317977908,0.617248054,1
2.069280213,-0.019975651,0
2.971846299,0.697330589,0
1.555214148,2.705047321,0
2.725866739,1.651540631,0
2.229728236,1.211811557,0
0.740896654,0.901966392,0
0.024558158,1.155393696,1
-1.464289289,1.068343093,1
-1.917532527,-0.077794836,1
-1.125215975,-0.64030584,1
-1.104462093,1.802595497,1
4.193846802,0.768700387,0
0.47420162,0.445803267,0
-3.249842556,0.643880723,1
1.47275093,-0.001503845,0
0.518332098,-0.121680881,1
-1.252775008,1.907385782,1
2.605426324,0.863081932,0
1.885046892,1.429369776,0
-2.002382161,-0.853966551,1
2.27473417,0.269877351,0
-0.759293716,0.225333808,1
0.29736272,-1.687080095,1
0.895555358,2.132493334,0
2.114997641,-0.314028834,0
2.564936671,1.070243687,0
0.500972419,-0.144189104,1
2.76104141,0.78726789,0
-2.437604535,-0.729674168,1
-1.048809806,-1.144448339,1
2.187271862,0.618870541,0
2.399839406,0.765678129,0
-0.429566779,1.652594654,1
-0.732122514,1.089521223,1
2.489059808,-0.289666666,0
0.870677219,-1.067205062,0
3.092829108,-0.242336818,0
-0.6777824,0.288741127,1
1.088222587,-0.196249938,1
-1.688574822,-0.872069804,1
3.664710136,0.047633426,0
1.095692416,0.070410244,0
-1.382751471,0.017291716,1
2.968914914,0.068731618,0
1.819083317,1.066179897,0
1.759789909,2.0975765,0
2.565093823,0.725239384,0
-1.133339358,2.076204914,1
-0.609753869,-0.079542394,1
-1.333099829,-0.14870245,1
0.348861298,0.870645216,0
-0.535454998,0.373203979,1
2.812494456,1.082891598,0
-0.69597112,0.931535246,1
-1.219196399,-0.177035555,1
-1.146669186,-0.716110792,1
-1.071543465,0.110495262,1
2.187032734,1.616190863,0
0.96729461,1.005707129,0
-2.391360913,0.390595136,1
-2.510441005,-0.52874832,1
2.084176007,0.284670077,0
2.475714746,0.624960708,0
-1.777817943,0.098505598,1
-0.300329496,0.669771395,1
-0.296049548,0.555225471,1
-0.360114225,-1.111911057,1
2.661697022,2.810883345,0
-1.394604341,0.429517301,1
2.617905052,0.016474631,0
0.900889497,0.432134469,0
1.723844444,0.267926534,0
-1.356339564,-0.794321188,1
3.819916991,0.900542072,0
-0.364178816,1.190813501,1
0.341053744,-0.323891473,1
-1.143816424,-0.3719419,1
3.90418829,1.340039813,0
0.962654702,-1.145126877,0
0.045997269,-0.770480573,1
1.186804153,1.415480173,0
-0.632528087,0.742345552,1
1.457303711,-1.262692731,0
-1.058493077,0.243927747,1
3.092981073,0.28040757,0
-0.735398804,3.143299793,1
-1.710027596,-0.061744448,1
1.807756845,1.611914969,0
1.182723766,1.520838819,0
2.973389266,1.155932238,0
1.378290622,-0.21203527,0
2.084105152,1.153646617,0
1.67401469,0.977186055,0
1.351213328,1.286377983,0
-0.251710611,0.067758016,1
-1.59444489,-0.601776901,1
2.906472638,1.691807474,0
3.431575946,1.859580378,0
-1.130574839,0.563266099,1
-0.798689909,0.382864062,1
1.495305037,1.206067827,0
-2.125789865,0.034899855,1
0.675736976,1.641270608,0
-0.355228684,0.193181129,1
1.235396185,-0.107992939,0
2.099261826,-0.509881665,0
3.980455315,2.173172479,0
-2.63039554,-0.298235142,1
2.903104292,1.064593108,0
3.052381268,2.212768278,0
2.057574025,1.883027849,0
-0.690893596,1.031166657,1
1.640777338,0.961000403,0
-0.889078713,1.50157772,1
1.186421182,0.538910641,0
-1.989421194,1.177157217,1
-0.31807336,0.831695336,1
-2.053510002,0.62900539,1
2.038442275,1.576961953,0
-0.377388677,-0.027997564,1
2.744370206,0.981809991,0
2.548631616,1.171568323,0
1.963451971,2.733631035,0
2.014681976,1.985541073,0
1.852605184,1.165728346,0
0.355559457,-1.149049028,1
2.696346328,1.939305437,0
3.217842738,0.869955997,0
2.69250006,1.532101648,0
-0.632268816,-0.891059904,1
-1.320735021,-0.928791349,1
3.287688583,0.675628848,0
1.469429595,1.210584702,0
-1.085050558,0.198418514,1
-0.917315887,0.16818416,1
-1.726660174,-0.511947234,1
-0.106944181,-1.052060995,1
-1.970786457,-0.933042105,1
-0.213586388,-0.175088667,1
1.539327366,1.650914843,0
2.592524749,0.371029906,0
-0.630007556,-1.16519621,1
-2.224349315,-0.17635286,1
1.902617463,1.684619522,0
-0.219582447,1.131197648,1
-0.453213952,0.757591556,1
0.22863295,-1.294172521,1
-1.877069608,0.134899015,1
3.414864442,0.468603388,0
-1.293675455,-0.849780037,1
1.935735244,2.40104261,0
2.156830089,2.502528809,0
2.300080626,1.362503761,0
-1.016284335,0.388484975,1
1.265609926,-0.509479911,0
2.253057479,1.179224235,0
2.886637544,1.85365239,0
-1.091047306,-0.437645139,1
-0.190256233,-1.051020046,1
-0.465445936,-0.038047611,1
-1.423450589,-0.065743354,1
1.611347243,1.354338172,0
2.342396547,2.388062368,0
2.231687228,1.573280142,0
2.583963653,1.84154737,0
0.222218571,-0.018558893,1
-1.925019422,-0.004876645,1
-2.770314065,0.502294604,1
2.627114217,1.547178976,0
3.216220393,1.411578523,0
1.655316074,1.838346649,0
3.325206443,0.587028315,0
-2.884199516,0.209742353,1
0.484756176,0.127276897,0
0.893455984,0.584556802,0
2.800336991,1.682756481,0
1.753487014,1.058070326,0
-1.71415383,0.195169419,1
3.936740888,3.068235429,0
-0.295338428,-0.22847774,1
0.270246668,0.835435078,1
2.375007094,1.55334879,0
1.305301297,-0.535108888,0
-0.644389877,2.281995218,1
2.719918769,0.580876047,0
3.040995241,2.417791176,0
2.766818605,-0.272613959,0
-1.774074412,0.931634043,1
0.219233263,0.506009903,1
1.824215038,1.508351682,0
1.242782698,-0.271481278,0
2.705251358,-0.206535571,0
-1.213732625,-1.28735428,1
0.680631998,1.2034191,0
-0.171256048,-1.064369185,1
1.050556559,0.719224581,0
-1.495851336,1.464509799,1
1.90174387,1.602605757,0
1.746897966,1.727578064,0
-0.358179243,-1.7222117,1
1.684354315,2.513722343,0
-0.124580028,0.559493671,0
-0.401813801,-0.08465937,1
0.577264406,-2.25796802,1
-0.418119695,-1.237811107,1
1.36177512,0.90336081,0
-0.773184523,0.425870466,1
-1.826111874,-0.173678077,1
-2.476849423,-0.593456666,1
2.770006409,1.540512797,0
2.665657807,1.794201571,0
-2.038507452,-2.503920143,1
-0.784789245,1.518429624,1
2.45759822,1.180736034,0
-1.365986307,0.753396997,1
-0.100859455,0.832897325,1
1.398177153,1.48492914,0
1.954092251,2.38604587,0
-1.724722116,-1.342381752,1
2.652633624,1.791607387,0
1.486401649,0.247724394,0
0.400610657,-0.851822059,1
3.207288297,0.477915042,0
0.645409968,0.875361577,0
-1.169448326,-0.268775808,1
1.329371585,0.811026149,0
2.393003094,1.065966939,0
1.758531152,0.640339305,0
-0.108769915,1.873735295,1
-1.182847635,-0.415561814,1
0.351458767,-1.36060917,1
2.723308843,2.332198862,0
0.683751692,0.026765544,0
1.583205997,-1.926380059,1
1.211528646,2.185292787,0
2.48168231,2.256540131,0
2.169991746,-0.918641233,0
1.364439311,0.33694118,0
0.728664357,-1.682570469,1
1.55103359,0.385925962,0
-0.807034628,1.389093052,1
0.862326074,-0.685179103,0
-0.123299096,-0.405144343,1
3.547259329,1.959322686,0
-0.275049654,2.056170468,0
1.813797049,1.310217115,0
1.684178912,0.516696688,0
-2.159517273,-0.414998198,1
2.730366508,1.550441291,0
1.769074969,-0.151518606,0
1.996403716,2.413538896,0
0.556915464,-0.386053793,0
3.077120611,1.485863618,0
0.117678195,-1.825449722,1
-0.828143608,0.563277773,1
2.475278886,1.648855413,0
-1.951549175,0.578404508,1
-1.325536582,-0.474108178,1
-2.105986993,-0.416638575,1
0.886789609,-0.069437933,0
-1.418762795,-0.488836258,1
0.99888578,1.009662448,0
1.243685769,2.801095735,0
1.262035346,1.267280486,0
1.654649964,1.61903057,0
2.480352123,3.092153483,0
-0.741810063,-0.581727998,1
-2.201654407,-0.506961101,1
1.757794702,1.215843991,0
2.054327299,1.965464194,0
-1.598542463,1.012403999,1
2.223020424,1.48607283,0
2.39555087,0.266484397,0
2.4054636,1.508504833,0
0.501583876,-1.665569117,1
0.260410105,1.409457667,0
2.947144693,0.248920203,0
1.998053768,2.041105453,0
-1.945870583,-0.927777264,1
1.812815134,0.090676996,0
0.886949763,-0.398698528,1
-0.062529076,0.602101518,1
-2.032047966,0.44494884,1
-1.460882979,-0.201341861,1
-1.424728126,-0.208377938,1
-0.448071317,-0.588586693,1
2.706636292,1.210453986,0
-0.10529763,1.529407242,1
-0.577834987,-0.370104316,1
2.855155038,0.464203398,0
-1.467303949,-0.65370769,1
1.165996538,0.263607475,0
1.044752047,1.091321606,1
0.620919198,-1.824588242,1
2.221903941,1.063935564,0
-0.651203186,-0.898668347,1
-2.803219679,0.794070231,1
-0.26693245,1.950908603,0
-1.539482919,0.01614786,1
1.157340554,-1.070049254,0
2.36600819,1.381242514,0
-0.208612637,-0.009205267,1
-2.216041906,-1.201885734,1
-0.748225012,-1.300075197,1
0.99468822,0.085541225,0
1.122753414,-0.324025545,0
-0.878970311,-1.540590715,1
-0.945334454,-0.175383631,1
2.434139396,1.234860872,0
1.867033086,1.710446543,0
1.406297922,-0.927068929,0
1.209635228,1.114073829,0
-2.859099308,1.047988119,1
-1.159767042,-0.236752807,1
-1.566840732,1.925081456,1
-1.469908141,-1.334253055,1
-0.636437292,-1.209587129,1
2.63255867,0.491481323,0
0.901075053,0.245508735,0
-3.194169138,-0.197227625,1
2.553774417,-0.148602476,0
-0.794583163,0.392619084,1
-0.485204418,0.416608955,1
2.306127268,1.257547287,0
